<?xml version="1.0" encoding="UTF-8"?><Basic xmlns="http://hl7.org/fhir"><id value="EPIManager"/><meta><profile value="http://worldhealthorganization.github.io/smart-base/StructureDefinition/SGPersona"/></meta><text><status value="generated"/><div xmlns="http://www.w3.org/1999/xhtml"><table class="grid"><tr><td><b>Actor: Expanded Programme on Immunization (EPI) Manager</b></td><td>Healthcare Worker</td><td>Type: person</td></tr><tr><td colspan="3"/></tr></table></div></text><extension url="http://hl7.org/fhir/5.0/StructureDefinition/extension-ActorDefinition.url"><valueUri value="http://smart.who.int/ig/smart-immunizations-measles/ActorDefinition/EPIManager"/></extension><extension url="http://hl7.org/fhir/5.0/StructureDefinition/extension-ActorDefinition.version"><valueString value="0.1.0"/></extension><extension url="http://hl7.org/fhir/5.0/StructureDefinition/extension-ActorDefinition.name"><valueString value="Expanded Programme on Immunization (EPI) Manager"/></extension><extension url="http://hl7.org/fhir/5.0/StructureDefinition/extension-ActorDefinition.title"><valueString value="Healthcare Worker"/></extension><extension url="http://hl7.org/fhir/5.0/StructureDefinition/extension-ActorDefinition.status"><valueCode value="draft"/></extension><extension url="http://hl7.org/fhir/5.0/StructureDefinition/extension-ActorDefinition.experimental"><valueBoolean value="false"/></extension><extension url="http://hl7.org/fhir/5.0/StructureDefinition/extension-ActorDefinition.date"><valueDateTime value="2023-10-26T08:47:01+00:00"/></extension><extension url="http://hl7.org/fhir/5.0/StructureDefinition/extension-ActorDefinition.publisher"><valueString value="Ministry of Health"/></extension><extension url="http://hl7.org/fhir/5.0/StructureDefinition/extension-ActorDefinition.contact"><valueContactDetail><name value="Ministry of Health"/><telecom><system value="url"/><value value="http://www.moh.gov.zm"/></telecom></valueContactDetail></extension><extension url="http://hl7.org/fhir/5.0/StructureDefinition/extension-ActorDefinition.description"><valueMarkdown value="Responsible for: developing annual and multi-annual plans; immunization communication and mobilization; management of logistics, the cold chain, and vaccines; monitoring, supervision and evaluation of immunization services; and coordination of EPI activities at the national and subnational levels."/></extension><extension url="http://hl7.org/fhir/5.0/StructureDefinition/extension-ActorDefinition.type"><valueCode value="person"/></extension><identifier><value value="EPIM"/></identifier><code><coding><system value="http://hl7.org/fhir/fhir-types"/><code value="ActorDefinition"/></coding></code></Basic>